{"periods": {"decission_tree": {"score": 0.345679012345679, "confusion_matrix": [[18, 9, 4], [7, 10, 8], [9, 12, 4]]}, "random_forest": {"score": 0.16049382716049382, "confusion_matrix": [[21, 6, 4], [20, 4, 1], [19, 2, 4]]}, "svm": {"score": 0.41975308641975306, "confusion_matrix": [[9, 9, 13], [5, 10, 10], [5, 5, 15]]}}, "subjects": {"decission_tree": {"score": 0.38271604938271603, "confusion_matrix": [[8, 1, 0, 0, 0, 0], [4, 7, 1, 0, 1, 0], [5, 3, 5, 1, 1, 1], [2, 4, 1, 2, 3, 1], [0, 4, 1, 3, 5, 2], [1, 2, 0, 2, 6, 4]]}, "random_forest": {"score": 0.3333333333333333, "confusion_matrix": [[9, 0, 0, 0, 0, 0], [8, 5, 0, 0, 0, 0], [10, 0, 6, 0, 0, 0], [10, 0, 0, 3, 0, 0], [12, 0, 0, 0, 2, 1], [11, 0, 0, 0, 2, 2]]}, "svm": {"score": 0.5925925925925926, "confusion_matrix": [[8, 1, 0, 0, 0, 0], [3, 7, 0, 0, 3, 0], [4, 1, 11, 0, 0, 0], [2, 1, 0, 8, 2, 0], [0, 1, 1, 0, 9, 4], [0, 1, 0, 0, 9, 5]]}}}