subject,Hadia,Jawie,Karl,Locky,Popo,Storma
Hadia,0.0,0.5214723926380368,1.0,0.2565789473684211,0.22598870056497175,0.22
Jawie,0.49523809523809526,0.0,0.0,0.019736842105263157,0.07344632768361582,0.215
Karl,0.009523809523809525,0.0,0.0,0.0,0.0,0.0
Locky,0.06190476190476191,0.07975460122699386,0.0,0.0,0.3502824858757062,0.32
Popo,0.2571428571428571,0.08588957055214724,0.0,0.4144736842105263,0.0,0.23
Storma,0.08095238095238096,0.5521472392638037,0.0,0.506578947368421,0.0903954802259887,0.0
