{"periods": {"decission_tree": {"score": 0.37037037037037035, "cm": [[16, 5, 6], [7, 7, 13], [6, 11, 10]]}}, "subjects": {"decission_tree": {"score": 0.3950617283950617, "cm": [[18, 0, 0, 0, 0, 0], [1, 6, 0, 2, 2, 0], [2, 1, 3, 1, 0, 1], [5, 1, 4, 3, 2, 3], [0, 2, 2, 4, 4, 2], [1, 1, 1, 3, 3, 3]]}}}