{"periods": {"decission_tree": {"score": 0.4074074074074074, "confusion_matrix": [[13, 3, 8], [11, 13, 4], [6, 15, 8]]}, "random_forest": {"score": 0.2345679012345679, "confusion_matrix": [[20, 1, 3], [21, 5, 2], [16, 7, 6]]}, "svm": {"score": 0.37037037037037035, "confusion_matrix": [[13, 1, 10], [6, 8, 14], [10, 10, 9]]}}, "subjects": {"decission_tree": {"score": 0.37037037037037035, "confusion_matrix": [[9, 1, 6, 0, 0, 0], [4, 4, 2, 2, 0, 0], [3, 0, 2, 0, 2, 0], [5, 2, 0, 3, 0, 3], [1, 2, 0, 4, 4, 7], [0, 2, 0, 3, 2, 8]]}, "random_forest": {"score": 0.25925925925925924, "confusion_matrix": [[13, 0, 3, 0, 0, 0], [10, 2, 0, 0, 0, 0], [4, 0, 3, 0, 0, 0], [13, 0, 0, 0, 0, 0], [16, 0, 0, 0, 1, 1], [12, 0, 0, 0, 0, 3]]}, "svm": {"score": 0.5308641975308642, "confusion_matrix": [[15, 0, 1, 0, 0, 0], [2, 4, 4, 2, 0, 0], [2, 2, 3, 0, 0, 0], [4, 3, 0, 4, 2, 0], [0, 2, 0, 1, 10, 5], [0, 0, 2, 2, 4, 7]]}}}