{"periods": {"decission_tree": {"score": 0.3950617283950617, "confusion_matrix": [[10, 5, 7], [12, 11, 7], [9, 7, 13]]}, "random_forest": {"score": 0.16049382716049382, "confusion_matrix": [[19, 1, 2], [25, 1, 4], [22, 1, 6]]}, "svm": {"score": 0.41975308641975306, "confusion_matrix": [[15, 2, 5], [10, 8, 12], [11, 7, 11]]}, "neural_network": {"score": -1.143067123958844, "confusion_matrix": [[11, 2, 9], [13, 8, 9], [10, 8, 11]]}}, "subjects": {"decission_tree": {"score": 0.38271604938271603, "confusion_matrix": [[10, 0, 0, 2, 0, 0], [4, 7, 1, 4, 0, 0], [6, 4, 6, 1, 0, 1], [3, 0, 1, 2, 1, 0], [1, 1, 0, 1, 6, 9], [2, 1, 0, 1, 3, 3]]}, "random_forest": {"score": 0.2345679012345679, "confusion_matrix": [[10, 0, 0, 2, 0, 0], [12, 4, 0, 0, 0, 0], [11, 0, 6, 0, 0, 1], [6, 0, 0, 1, 0, 0], [13, 0, 0, 0, 1, 4], [9, 0, 0, 0, 0, 1]]}, "svm": {"score": 0.49382716049382713, "confusion_matrix": [[12, 0, 0, 0, 0, 0], [3, 6, 1, 3, 2, 1], [4, 2, 8, 0, 2, 2], [2, 0, 1, 3, 1, 0], [0, 1, 0, 1, 9, 7], [0, 1, 0, 1, 6, 2]]}, "neural_network": {"score": -0.17965587044534415, "confusion_matrix": [[11, 1, 0, 0, 0, 0], [6, 6, 2, 0, 1, 1], [4, 3, 9, 0, 0, 2], [2, 2, 2, 0, 0, 1], [0, 3, 0, 0, 0, 15], [0, 6, 2, 0, 0, 2]]}}}